Aspect,Healthcare,Financial
FAIR Compliance,0.7617134991333108,0.7376398758825977
Security Score,0.7980926664781691,0.8061978504328453
Provenance Quality,0.8632572359849094,0.8703390352031476
Policy Compliance,0.842827035087738,0.8430016662924424
