Scenario,Without AspectFL,With AspectFL,Improvement,Improvement %
Healthcare,0.8336879460717737,0.8714328916693272,0.03774494559755359,4.527466874794428
Financial,0.888489421142956,0.8965288624738573,0.008039441330901287,0.9048437876231907
