{
  "rounds": [
    1,
    2,
    3,
    4,
    5,
    6,
    7,
    8,
    9,
    10
  ],
  "auc": [
    0.49450113378684807,
    0.593140589569161,
    0.5368055555555555,
    0.5528817082388511,
    0.5779478458049886,
    0.509141156462585,
    0.40796485260770976,
    0.6536564625850341,
    0.6415154950869237,
    0.7645360922146636
  ],
  "pr_auc": [
    0.1186124233944172,
    0.14332771728163646,
    0.12807624881815316,
    0.13207822024113208,
    0.13908802114081698,
    0.12179141716566866,
    0.10516577531958982,
    0.16706510578164555,
    0.15961135524649625,
    0.22492273517481168
  ],
  "accuracy": [
    0.12275449101796407,
    0.2964071856287425,
    0.20359281437125748,
    0.2245508982035928,
    0.3203592814371258,
    0.2684630738522954,
    0.344311377245509,
    0.49800399201596807,
    0.37524950099800397,
    0.590818363273453
  ],
  "privacy_spent": [
    0.2,
    0.4,
    0.6000000000000001,
    0.8,
    1.0,
    1.2000000000000002,
    1.4000000000000001,
    1.6,
    1.8,
    2.0
  ]
}