{
  "rounds": [
    1,
    2,
    3,
    4,
    5,
    6,
    7,
    8,
    9,
    10
  ],
  "auc": [
    0.6779383975812547,
    0.805952380952381,
    0.8974584278155706,
    0.9534769463340892,
    0.9802532123960696,
    0.9903344671201815,
    0.9941137566137567,
    0.9960222978080122,
    0.9973261526832955,
    0.9982426303854876
  ],
  "pr_auc": [
    0.3267589071200923,
    0.5936091931493774,
    0.7700938724883366,
    0.8716216976362191,
    0.9356971474465098,
    0.9671350353790843,
    0.9808548795056783,
    0.9863281221346645,
    0.9892380557801463,
    0.9917972337472375
  ],
  "accuracy": [
    0.36926147704590817,
    0.4810379241516966,
    0.6087824351297405,
    0.719560878243513,
    0.8343313373253493,
    0.9101796407185628,
    0.9441117764471058,
    0.9670658682634731,
    0.9730538922155688,
    0.9800399201596807
  ],
  "privacy_spent": [
    0,
    0,
    0,
    0,
    0,
    0,
    0,
    0,
    0,
    0
  ]
}