{
  "healthcare": {
    "with_aspects": {
      "scenario": "healthcare",
      "with_aspects": true,
      "execution_time": 10.662164688110352,
      "final_accuracy": 0.8714328916693272,
      "final_loss": 0.5497576618480999,
      "accuracy_history": [
        0.6669864789052466,
        0.7548820810959787,
        0.7118101454294873,
        0.7798888679302907,
        0.7862646449031434,
        0.8248809277017796,
        0.8220859941864435,
        0.8070746403261576,
        0.8655062758477228,
        0.8714328916693272
      ],
      "loss_history": [
        0.976456162876485,
        1.0129419499823344,
        0.9075953316769495,
        0.9104550239367961,
        0.8257488934738862,
        0.7564327997426729,
        0.6983729238308904,
        0.6380503311474167,
        0.4415801578162857,
        0.5497576618480999
      ],
      "num_hospitals": 5,
      "num_rounds": 10,
      "fair_compliance": 0.7617134991333108,
      "security_score": 0.7980926664781691,
      "provenance_quality": 0.8632572359849094,
      "policy_compliance": 0.842827035087738,
      "fair_history": [
        0.6235380421607062,
        0.857182475701883,
        0.827272163505171,
        0.7927393027359501,
        0.8602074087890041,
        0.6926725755463858,
        0.7788477470316215,
        0.6078236196272797,
        0.8660769857111545,
        0.7107746705239506
      ],
      "security_history": [
        0.7539678284020079,
        0.7809513757532072,
        0.8339168020602282,
        0.8895923394671587,
        0.7811299892455235,
        0.7786321280483045,
        0.8319586744886712,
        0.8674392512370047,
        0.7047702859262805,
        0.7585679901533041
      ]
    },
    "without_aspects": {
      "scenario": "healthcare",
      "with_aspects": false,
      "execution_time": 0.003896951675415039,
      "final_accuracy": 0.8336879460717737,
      "final_loss": 0.5067492324719169,
      "accuracy_history": [
        0.6985864999303595,
        0.7231037601515331,
        0.7097517311036282,
        0.7480311847249099,
        0.81078376226389,
        0.7701341869673489,
        0.8526863817493905,
        0.8717433125193873,
        0.8804749123600261,
        0.8336879460717737
      ],
      "loss_history": [
        0.9949477150600889,
        0.8943229041711582,
        0.8554796431835892,
        0.8607410089691949,
        0.7666786191908731,
        0.752277729244318,
        0.6910438123689119,
        0.6496793950657543,
        0.5330266131394552,
        0.5067492324719169
      ],
      "num_hospitals": 5,
      "num_rounds": 10
    }
  },
  "financial": {
    "with_aspects": {
      "scenario": "financial",
      "with_aspects": true,
      "execution_time": 50.978285789489746,
      "final_accuracy": 0.8965288624738573,
      "final_loss": 0.4808393339157626,
      "accuracy_history": [
        0.7108972317067301,
        0.7328393646209732,
        0.732432178601895,
        0.7183659205987806,
        0.7615614672652823,
        0.7792047148998075,
        0.7441177932803511,
        0.7978262132753575,
        0.7847244252113149,
        0.8440984991578909,
        0.8634414686560009,
        0.8639779948360863,
        0.8893429065243952,
        0.8589277595634155,
        0.8965288624738573
      ],
      "loss_history": [
        0.9884614861912526,
        1.03250874068669,
        0.96144701742975,
        0.8793451394638774,
        0.8578585691607055,
        0.8575215752726097,
        0.7516037073116856,
        0.7106158713058106,
        0.7679620718511145,
        0.6821623633831553,
        0.7245478177060133,
        0.6628666576828649,
        0.57073311853846,
        0.5977873804157432,
        0.4808393339157626
      ],
      "num_banks": 8,
      "num_rounds": 15,
      "fair_compliance": 0.7376398758825977,
      "security_score": 0.8061978504328453,
      "provenance_quality": 0.8703390352031476,
      "policy_compliance": 0.8430016662924424,
      "fair_history": [
        0.8603119221390285,
        0.6418790478738682,
        0.7636818091456604,
        0.8331286974039183,
        0.6133420489469386,
        0.8234914981524415,
        0.6601790734022428,
        0.7133036105754706,
        0.868609673683592,
        0.7221561400747043,
        0.6495128934077457,
        0.7449207219691417,
        0.681280085511184,
        0.6803456493855887,
        0.8084552665674428
      ],
      "security_history": [
        0.7954508461275043,
        0.8796963683768234,
        0.883413752185036,
        0.8472495821437228,
        0.7773304808851227,
        0.8327575620111377,
        0.7046588447667078,
        0.8934901111381376,
        0.7928241237137235,
        0.8431312548483957,
        0.75170045783079,
        0.8439396177034317,
        0.7710807103819557,
        0.7534335694577025,
        0.7228104749224905
      ]
    },
    "without_aspects": {
      "scenario": "financial",
      "with_aspects": false,
      "execution_time": 0.005952119827270508,
      "final_accuracy": 0.888489421142956,
      "final_loss": 0.39257958725098896,
      "accuracy_history": [
        0.7196747860681573,
        0.7177376018503318,
        0.7445535645763109,
        0.7309374563031907,
        0.7545887764966531,
        0.7650059620280221,
        0.7759360151744995,
        0.7765775526184076,
        0.8335730706244062,
        0.7943105703917529,
        0.871067887540532,
        0.8575147664304369,
        0.8631411351879249,
        0.8500640648288741,
        0.888489421142956
      ],
      "loss_history": [
        0.9834017852930667,
        0.9301432922353998,
        0.9131898379256207,
        0.9818297789201182,
        0.9146096625167257,
        0.8511250734173099,
        0.7892907936923109,
        0.7237597850930595,
        0.6701678713660901,
        0.7371009064786377,
        0.6685279534557604,
        0.6790919805039438,
        0.5707224166389128,
        0.6434328922575832,
        0.39257958725098896
      ],
      "num_banks": 8,
      "num_rounds": 15
    }
  },
  "comparison_metrics": {
    "healthcare": {
      "accuracy_improvement": 0.03774494559755359,
      "convergence_speed": 0.0,
      "stability_improvement": 0.5778484174687497,
      "aspect_benefits": {
        "fair_compliance": 0.7617134991333108,
        "security_score": 0.7980926664781691,
        "provenance_quality": 0.8632572359849094,
        "policy_compliance": 0.842827035087738
      }
    },
    "financial": {
      "accuracy_improvement": 0.008039441330901287,
      "convergence_speed": -0.06666666666666667,
      "stability_improvement": -0.3644965666052876,
      "aspect_benefits": {
        "fair_compliance": 0.7376398758825977,
        "security_score": 0.8061978504328453,
        "provenance_quality": 0.8703390352031476,
        "policy_compliance": 0.8430016662924424
      }
    }
  }
}